policy_id,reference_column,ref_number,url,error,country,policy_title,error_category
211000008,reference,1,http://www.nathers.gov.au/news/updated-nathers-strategic-plan-2015-2018,"HTTPConnectionPool(host='www.nathers.gov.au', port=80): Read timed out. (read timeout=30)",Australia,10 Star NatHERS Rating for Buildings Australia (2015),Timeout
211000047,reference,1,https://www.enecho.meti.go.jp/en/category/others/basic_plan/pdf/6th_outline.pdf,"HTTPSConnectionPool(host='www.enecho.meti.go.jp', port=443): Read timed out. (read timeout=30)",Japan,2030 Outlook for Energy Supply and Demand Japan (2015),Timeout
211000061,reference,1,http://www.enecho.meti.go.jp/en/category/others/basic_plan/pdf/4th_strategic_energy_plan.pdf,"HTTPConnectionPool(host='www.enecho.meti.go.jp', port=80): Read timed out. (read timeout=30)",Japan,4th Strategic Energy Plan Japan (2014),Timeout
211000068,reference,1,http://www.bilgitoplumu.gov.tr/wp-content/uploads/2014/04/EightFive_Year_Development_Plan_2001-2005.pdf,"HTTPConnectionPool(host='www.bilgitoplumu.gov.tr', port=80): Max retries exceeded with url: /wp-content/uploads/2014/04/EightFive_Year_Development_Plan_2001-2005.pdf (Caused by ConnectTimeoutError(<urllib3.connection.HTTPConnection object at 0x00000232EFD27350>, 'Connection to www.bilgitoplumu.gov.tr timed out. (connect timeout=30)'))",Turkey,8th Five-Year Development Plan Turkey (1999),Timeout
211000069,reference,1,https://www.my.gov.sa/wps/portal/snp/aboutksa/nationalDevelopmentPlans/download/The%209th%20Development%20Plan%20311432%20to%20351436H/!ut/p/z0/fYxLCsIwFACvkgvIy68F11VThJj6AWs2kkVsgvElSOj5zQnczcAwYGEGi26Ni6sxo0vNH7Z_ntiejkwyYy4HTs-aKibNJNTQwdUjHMH-j9qFf_WgF7DF1bCJ-Mow34In2xrIzq8-5fLxWMmUHBLBmBSc1ExE16gfobzV_QezgVeu/,"HTTPSConnectionPool(host='www.my.gov.sa', port=443): Max retries exceeded with url: /wps/portal/snp/aboutksa/nationalDevelopmentPlans/download/The%209th%20Development%20Plan%20311432%20to%20351436H/!ut/p/z0/fYxLCsIwFACvkgvIy68F11VThJj6AWs2kkVsgvElSOj5zQnczcAwYGEGi26Ni6sxo0vNH7Z_ntiejkwyYy4HTs-aKibNJNTQwdUjHMH-j9qFf_WgF7DF1bCJ-Mow34In2xrIzq8-5fLxWMmUHBLBmBSc1ExE16gfobzV_QezgVeu/ (Caused by ConnectTimeoutError(<urllib3.connection.HTTPSConnection object at 0x00000232EF7D9A10>, 'Connection to www.my.gov.sa timed out. (connect timeout=30)'))",Saudi Arabia,9th Development Plan Saudi Arabia (2010),Timeout
211000083,reference,1,http://www.meti.go.jp,"HTTPConnectionPool(host='www.meti.go.jp', port=80): Read timed out. (read timeout=30)",Japan,Acceleration of the Diffusion of Photovoltaic Japan (2000),Timeout
211000171,reference,1,http://www.dm.usda.gov/pmd/alt_fuel.htm,"HTTPSConnectionPool(host='www.usda.gov', port=443): Read timed out. (read timeout=30)",United States of America,Alternative Fuels & Fleet Efficiency Program United States of America (1999),Timeout
211000173,reference,1,https://web.archive.org/web/20121030153548/,"HTTPSConnectionPool(host='web.archive.org', port=443): Max retries exceeded with url: /web/20121030153548/ (Caused by ConnectTimeoutError(<urllib3.connection.HTTPSConnection object at 0x00000232EFE78C50>, 'Connection to web.archive.org timed out. (connect timeout=30)'))",European Union,Alternative Fuels for Transport European Union (27) (2001),Timeout
211000225,reference,1,https://www.energyrating.gov.au/sites/default/files/2023-03/200003-achievements.pdf,"HTTPSConnectionPool(host='www.energyrating.gov.au', port=443): Read timed out. (read timeout=30)",Australia,Galaxy Energy Awards Australia (1999),Timeout
211000260,reference,1,http://www.da.usda.gov/energyandenvironment/greenpurchasing/index.html,"HTTPSConnectionPool(host='www.usda.gov', port=443): Read timed out. (read timeout=30)",United States of America,BioPreferred Program United States of America (2002),Timeout
211000266,reference,1,http://gain.fas.usda.gov/Recent%20GAIN%20Publications/Biofuels%20Annual_Jakarta_Indonesia_6-27-2014.pdf,"HTTPConnectionPool(host='gain.fas.usda.gov', port=80): Max retries exceeded with url: /Recent%20GAIN%20Publications/Biofuels%20Annual_Jakarta_Indonesia_6-27-2014.pdf (Caused by ConnectTimeoutError(<urllib3.connection.HTTPConnection object at 0x00000232F19ECFD0>, 'Connection to gain.fas.usda.gov timed out. (connect timeout=30)'))",Indonesia,Biofuel Blending (Ministry Regulation No. 25/13) Indonesia (2013),Timeout
211000324,reference,1,http://www.usda.gov/documents/building-blocks-implementation-plan-progress-report.pdf,"HTTPConnectionPool(host='www.usda.gov', port=80): Read timed out. (read timeout=30)",United States of America,Building Blocks for Climate Smart Agriculture & Forestry United States of America (2015),Timeout
211000364,reference,1,http://www.arb.ca.gov/cc/ccms/ccms.htm,"HTTPConnectionPool(host='www.arb.ca.gov', port=80): Max retries exceeded with url: /cc/ccms/ccms.htm (Caused by ConnectTimeoutError(<urllib3.connection.HTTPConnection object at 0x00000232F02536D0>, 'Connection to www.arb.ca.gov timed out. (connect timeout=30)'))",United States of America,California Vehicle Greenhouse Gas Emissions Standards United States of America (2004),Timeout
211000482,reference,1,https://trimis.ec.europa.eu/project/clean-urban-transport-europe,"HTTPSConnectionPool(host='trimis.ec.europa.eu', port=443): Read timed out. (read timeout=30)",European Union,Clean Urban Transport for Europe (CUTE) - Hydrogen and Fuel Cell Buses European Union (27) (2001),Timeout
211000521,reference,1,http://water.epa.gov/infrastructure/watersecurity/climate/index.cfm,"HTTPConnectionPool(host='water.epa.gov', port=80): Max retries exceeded with url: /infrastructure/watersecurity/climate/index.cfm (Caused by ConnectTimeoutError(<urllib3.connection.HTTPConnection object at 0x00000232EFBAC3D0>, 'Connection to water.epa.gov timed out. (connect timeout=30)'))",United States of America,Climate Ready Water Utilities (CRWU) United States of America (2008),Timeout
211000524,reference,1,https://www.environment.gov.au/system/files/resources/bb29bc9f-8b96-4b10-84a0-46b7d36d5b8e/files/climate-solutions-package.pdf,"HTTPSConnectionPool(host='www.dcceew.gov.au', port=443): Read timed out. (read timeout=30)",Australia,Climate Solutions Package Australia (2019),Timeout
211000547,reference,1,https://www.cbd.gov.au/,"HTTPSConnectionPool(host='www.cbd.gov.au', port=443): Read timed out. (read timeout=30)",Australia,Commercial Building Disclosure Program Australia (2011),Timeout
211000557,reference,1,https://www.industry.gov.au/sites/default/files/May%202018/document/pdf/community_energy_efficiency_programme_evaluation.pdf?acsf_files_redirect,"HTTPSConnectionPool(host='www.industry.gov.au', port=443): Read timed out. (read timeout=30)",Australia,Community Energy efficiency Program Australia (2011),Timeout
211000600,reference,1,https://rio.jrc.ec.europa.eu/country-analysis/organisations/agency-environment-and-energy-management-ademe,"HTTPSConnectionPool(host='rio.jrc.ec.europa.eu', port=443): Max retries exceeded with url: /country-analysis/organisations/agency-environment-and-energy-management-ademe (Caused by ConnectTimeoutError(<urllib3.connection.HTTPSConnection object at 0x00000232EFA73350>, 'Connection to rio.jrc.ec.europa.eu timed out. (connect timeout=30)'))",France,Creation of ADEME France (1991),Timeout
211000617,reference,1,https://www.argentina.gob.ar/normativa/nacional/decreto-494-2012-196064/texto,"HTTPSConnectionPool(host='www.argentina.gob.ar', port=443): Read timed out. (read timeout=30)",Argentina,Decree 494/2012 on Truck Fleet Renewal and Expansion Program Argentina (2012),Timeout
211000916,reference,1,http://www.meti.go.jp,"HTTPConnectionPool(host='www.meti.go.jp', port=80): Read timed out. (read timeout=30)",Japan,Energy Efficient Appliances Research Japan (1999),Timeout
211000948,reference,1,https://www.dcceew.gov.au/energy/publications/national-energy-productivity-plan,"HTTPSConnectionPool(host='www.dcceew.gov.au', port=443): Read timed out. (read timeout=30)",Australia,Energy Productivity Plan Australia (2015),Timeout
211001014,reference,1,https://www.dcceew.gov.au/sites/default/files/documents/energy-efficiency-in-government-operations-policy-2007.pdf,"HTTPSConnectionPool(host='www.dcceew.gov.au', port=443): Read timed out. (read timeout=30)",Australia,Energy efficiency in Government Operations (EEGO) Australia (2006),Timeout
211001019,reference,1,https://www.meti.go.jp/english/policy/energy_environment/energy_efficiency/index.html,"HTTPSConnectionPool(host='www.meti.go.jp', port=443): Read timed out. (read timeout=30)",Japan,Energy efficiency labelling System Japan (2000),Timeout
211001027,reference,1,http://www.climatechange.gov.au/what-you-need-to-know/appliances-and-equipment.aspx,"HTTPSConnectionPool(host='www.dcceew.gov.au', port=443): Read timed out. (read timeout=30)",Australia,Energy labelling for Electric and Gas Appliances Australia (1989),Timeout
211001050,reference,1,https://www.industry.gov.au/publications/business-performance-enterprise-connect-participants,"HTTPSConnectionPool(host='www.industry.gov.au', port=443): Read timed out. (read timeout=30)",Australia,Enterprise Connect Australia (2009),Timeout
211001057,reference,1,https://www.nrcs.usda.gov/programs-initiatives/eqip-environmental-quality-incentives,"HTTPSConnectionPool(host='www.nrcs.usda.gov', port=443): Read timed out. (read timeout=30)",United States of America,Environmental Quality Incentives Program (EQIP) United States of America (1996),Timeout
211001065,reference,1,http://www.energyrating.gov.au,"HTTPConnectionPool(host='www.energyrating.gov.au', port=80): Read timed out. (read timeout=30)",Australia,Equipment Energy efficiency Program (E3) Australia (1992),Timeout
211001070,reference,1,http://www.industrie.gouv.fr/portail/secteurs/index_energie.html,"HTTPConnectionPool(host='www.industrie.gouv.fr', port=80): Max retries exceeded with url: /portail/secteurs/index_energie.html (Caused by ConnectTimeoutError(<urllib3.connection.HTTPConnection object at 0x00000232EFD22F10>, 'Connection to www.industrie.gouv.fr timed out. (connect timeout=30)'))",France,Establishment of States Exemplary Role in Energy Conservation France (2005),Timeout
211001077,reference,1,https://www.anao.gov.au/work/performance-audit/ethanol-production-grants-program,"HTTPSConnectionPool(host='www.anao.gov.au', port=443): Read timed out. (read timeout=30)",Australia,Ethanol Production Grants Australia (2002),Timeout
211001091,reference,1,http://195.200.115.144/policy/excise-tax-based-car-engine-size,"HTTPConnectionPool(host='195.200.115.144', port=80): Max retries exceeded with url: /policy/excise-tax-based-car-engine-size (Caused by ConnectTimeoutError(<urllib3.connection.HTTPConnection object at 0x00000232F1B92090>, 'Connection to 195.200.115.144 timed out. (connect timeout=30)'))",China,Excise Tax based on car engine size China (1994),Timeout
211001113,reference,1,http://www.industrie.gouv.fr/cgi-bin/industrie/frame0.pl?url=/energie/sommaire.htm,"HTTPConnectionPool(host='www.industrie.gouv.fr', port=80): Max retries exceeded with url: /cgi-bin/industrie/frame0.pl?url=/energie/sommaire.htm (Caused by ConnectTimeoutError(<urllib3.connection.HTTPConnection object at 0x00000232EF8F8590>, 'Connection to www.industrie.gouv.fr timed out. (connect timeout=30)'))",France,Extension of Tax Credit in Favour of Renewable Energy Equipment in New Housing France (2002),Timeout
211001114,reference,1,http://www.industrie.gouv.fr/cgi-bin/industrie/frame0.pl?url=/energie/sommaire.htm,"HTTPConnectionPool(host='www.industrie.gouv.fr', port=80): Max retries exceeded with url: /cgi-bin/industrie/frame0.pl?url=/energie/sommaire.htm (Caused by ConnectTimeoutError(<urllib3.connection.HTTPConnection object at 0x00000232EF91BA50>, 'Connection to www.industrie.gouv.fr timed out. (connect timeout=30)'))",France,Extension of the Law on Reduced VAT for Residential Renewable Energy Equipment France (2002),Timeout
211001159,reference,1,http://www.meti.go.jp,"HTTPConnectionPool(host='www.meti.go.jp', port=80): Read timed out. (read timeout=30)",Japan,Field Test of Wind Power Japan (2000),Timeout
211001162,reference,1,https://www.enecho.meti.go.jp/en/category/others/basic_plan/5th/pdf/strategic_energy_plan_outline.pdf,"HTTPSConnectionPool(host='www.enecho.meti.go.jp', port=443): Read timed out. (read timeout=30)",Japan,Fifth Strategic Enegy Plan Japan (2018),Timeout
211001178,reference,1,http://www.industrie.gouv.fr/energie/sommaire.htm,"HTTPConnectionPool(host='www.industrie.gouv.fr', port=80): Max retries exceeded with url: /energie/sommaire.htm (Caused by ConnectTimeoutError(<urllib3.connection.HTTPConnection object at 0x00000232EFC9E990>, 'Connection to www.industrie.gouv.fr timed out. (connect timeout=30)'))",France,Financing for Energy Efficiency Investments France (2002),Timeout
211001334,reference,1,https://www.rd.usda.gov/newsroom/news-release/producers-38-states-receive-funds-support-advanced-biofuel-production,"HTTPSConnectionPool(host='www.rd.usda.gov', port=443): Read timed out. (read timeout=30)",United States of America,Grants for Production of Advanced Biofuels United States of America (2008),Timeout
211001349,reference,1,https://www.anao.gov.au/work/performance-audit/green-loans-program,"HTTPSConnectionPool(host='www.anao.gov.au', port=443): Read timed out. (read timeout=30)",Australia,Green Loans Programme for Households Australia (2009),Timeout
211001361,reference,1,https://www.dcceew.gov.au/water/policy/programs/completed/green-precincts,"HTTPSConnectionPool(host='www.dcceew.gov.au', port=443): Read timed out. (read timeout=30)",Australia,Green Precincts Fund Australia (2008),Timeout
211001364,reference,1,http://www.dm.usda.gov/energyandenvironment/greenpurchasing/index.html,"HTTPSConnectionPool(host='www.usda.gov', port=443): Read timed out. (read timeout=30)",United States of America,Green Purchasing Affirmative Procurement Program (GPAPP) United States of America (2006),Timeout
211001365,reference,1,http://epa.gov/otaq/ld-hwy/420f10012.htm,"HTTPConnectionPool(host='epa.gov', port=80): Max retries exceeded with url: /otaq/ld-hwy/420f10012.htm (Caused by ConnectTimeoutError(<urllib3.connection.HTTPConnection object at 0x00000232EFE10D50>, 'Connection to epa.gov timed out. (connect timeout=30)'))",United States of America,Green Racing Initiative United States of America (2008),Timeout
211001379,reference,1,http://www.mofa.go.kr/eng/wpge/m_5655/contents.do,"HTTPSConnectionPool(host='www.mofa.go.kr', port=443): Read timed out.",Republic of Korea,GreenHouse Gas(GHG) Target Management system Republic of Korea (2010),Timeout
211001382,reference,1,https://www.climatechangeauthority.gov.au/sites/default/files/2020-06/submissions/2015/Tim%20Kelly%20-%20attachment.pdf,"HTTPSConnectionPool(host='www.climatechangeauthority.gov.au', port=443): Read timed out. (read timeout=30)",Australia,Greenhouse Friendly Programme Australia (2001),Timeout
211001414,reference,1,https://www.dcceew.gov.au/environment/protection/ozone/publications/hfc-phase-down-factsheet,"HTTPSConnectionPool(host='www.dcceew.gov.au', port=443): Read timed out. (read timeout=30)",Australia,HFC emissions reduction target Australia (2016),Timeout
211001539,reference,1,http://www.meti.go.jp/report/data/g41004bj.html,"HTTPConnectionPool(host='www.meti.go.jp', port=80): Read timed out. (read timeout=30)",Japan,"Interim Report by the Energy Supply and Demand Subcommittee, Advisory Committee for Natural Resources and Energy Japan (2004)",Timeout
211001540,reference,1,https://www.meti.go.jp/shingikai/enecho/shoene_shinene/sho_energy/pdf/20230726_2.pdf,"HTTPSConnectionPool(host='www.meti.go.jp', port=443): Read timed out. (read timeout=30)",Japan,"Interim Report by the Energy efficiency and Conservation Subcommittee, Advisory Committee for Natural Resources and Energy Japan (2004)",Timeout
211001541,reference,1,https://www.meti.go.jp/english/policy/economy/industrial_council/subcommittee.html,"HTTPSConnectionPool(host='www.meti.go.jp', port=443): Read timed out. (read timeout=30)",Japan,Interim Report by the Joint Committee of the Industrial Structure Council and Advisory Committee for Natural Resources and Energy Japan (2004),Timeout
211001563,reference,1,http://japancredit.go.jp/english/index.html,"HTTPConnectionPool(host='japancredit.go.jp', port=80): Max retries exceeded with url: /english/index.html (Caused by ConnectTimeoutError(<urllib3.connection.HTTPConnection object at 0x00000232EFAF9790>, 'Connection to japancredit.go.jp timed out. (connect timeout=30)'))",Japan,J-Credit Scheme Japan (2008),Timeout
211001609,reference,1,http://www.industrie.gouv.fr/cgi-bin/industrie/frame0.pl?url=/energie/sommaire.htm,"HTTPConnectionPool(host='www.industrie.gouv.fr', port=80): Max retries exceeded with url: /cgi-bin/industrie/frame0.pl?url=/energie/sommaire.htm (Caused by ConnectTimeoutError(<urllib3.connection.HTTPConnection object at 0x00000232F17765D0>, 'Connection to www.industrie.gouv.fr timed out. (connect timeout=30)'))",France,Labelling of Electric Ovens and Air Conditioners France (2003),Timeout
211001616,reference,1,https://www.agriculture.gov.au/agriculture-land/farm-food-drought/climatechange/ag-and-land-sectoral-plan,"HTTPSConnectionPool(host='www.agriculture.gov.au', port=443): Read timed out. (read timeout=30)",Australia,Land Sector Package Australia (2011),Timeout
211001650,reference2,2,http://www.meti.go.jp/english/press/2013/0305_06.html,"HTTPConnectionPool(host='www.meti.go.jp', port=80): Read timed out. (read timeout=30)",Japan,Law Concerning the Rational Use of Energy (Energy Conservation Act) (Law No.49) Japan (1979),Timeout
211001699,reference,1,http://www3.epa.gov/otaq/climate/regs-light-duty.htm,"HTTPConnectionPool(host='www3.epa.gov', port=80): Max retries exceeded with url: /otaq/climate/regs-light-duty.htm (Caused by ConnectTimeoutError(<urllib3.connection.HTTPConnection object at 0x00000232EFCE0150>, 'Connection to www3.epa.gov timed out. (connect timeout=30)'))",United States of America,Light-duty GHG emissions and fuel consumption standards United States of America (2017),Timeout
211001720,reference,1,https://www.climatechangeauthority.gov.au/sites/default/files/2020-06/submissions/2015/Tim%20Kelly%20-%20attachment.pdf,"HTTPSConnectionPool(host='www.climatechangeauthority.gov.au', port=443): Read timed out. (read timeout=30)",Australia,Energy efficiency Program and The Carbon Neutral Program Australia (2010),Timeout
211001735,reference,1,https://www.industry.gov.au/funding-and-incentives/low-emissions-technologies-for-fossil-fuels/low-emissions-technology-development-fund,"HTTPSConnectionPool(host='www.industry.gov.au', port=443): Read timed out. (read timeout=30)",Australia,Low Emissions Technology Demonstration Fund Australia (2004),Timeout
211001737,reference,1,https://www.dcceew.gov.au/energy/publications/low-income-energy-efficiency-program,"HTTPSConnectionPool(host='www.dcceew.gov.au', port=443): Read timed out. (read timeout=30)",Australia,Low Income Energy efficiency Program Australia (2011),Timeout
211001744,reference,1,https://www.mme.gov.br/luzparatodos/asp/,"HTTPSConnectionPool(host='www.mme.gov.br', port=443): Read timed out. (read timeout=30)",Brazil,Luz para Todos (Ligth for All) Brazil (2003),Timeout
211001745,reference,1,https://www.energyrating.gov.au/sites/default/files/2022-12/200210-lampsprofile_0.pdf,"HTTPSConnectionPool(host='www.energyrating.gov.au', port=443): Read timed out. (read timeout=30)",Australia,MEPS - Compact Fluorescent Lamps Australia (2019),Timeout
211001835,reference,1,https://www.energyrating.gov.au/industry-information/understand-requirements/minimum-energy-performance-standards,"HTTPSConnectionPool(host='www.energyrating.gov.au', port=443): Read timed out. (read timeout=30)",Australia,Minimum Energy Performance Standards (MEPS) for Electric and Gas Appliances Australia (1999),Timeout
211001877,reference,1,https://www.energy.gov.au/related-sites/national-australian-built-environment-rating-system-nabers,"HTTPSConnectionPool(host='www.energy.gov.au', port=443): Read timed out. (read timeout=30)",Australia,NABERS (the National Built Environment Rating System) Australia (2005),Timeout
211001881,reference,1,https://unfccc.int/sites/default/files/2nd_biennial_update_report_republic_of_korea_eng.pdf,"HTTPSConnectionPool(host='unfccc.int', port=443): Read timed out.",Republic of Korea,NRE mandatory use for public buildings Republic of Korea (2004),Timeout
211001910,reference,1,https://www.environment.gov.au/system/files/resources/188756ab-ed94-4a3c-9552-62763ca86a7f/files/national-clean-air-agreement.pdf,"HTTPSConnectionPool(host='www.dcceew.gov.au', port=443): Read timed out. (read timeout=30)",Australia,National Clean Air Agreement Australia (2015),Timeout
211001914,reference,1,https://www.dcceew.gov.au/climate-change/policy/adaptation/ncra,"HTTPSConnectionPool(host='www.dcceew.gov.au', port=443): Read timed out. (read timeout=30)",Australia,National Climate Change Adaptation Framework Australia (2002),Timeout
211001937,reference,1,http://www.procelinfo.com.br/main.asp?Team=%7B505FF883%2DA273%2D4C47%2DA14E%2D0055586F97FC%7D,"HTTPConnectionPool(host='www.procelinfo.com.br', port=80): Max retries exceeded with url: /main.asp?Team=%7B505FF883-A273-4C47-A14E-0055586F97FC%7D (Caused by ConnectTimeoutError(<urllib3.connection.HTTPConnection object at 0x00000232EFDAD210>, 'Connection to www.procelinfo.com.br timed out. (connect timeout=30)'))",Brazil,National Electricity Conservation Program - PROCEL Brazil (1985),Timeout
211001961,reference,1,http://observatorio.azc.uam.mx/centro_docu/selectos/docs/Estrategia%20Nacional%20de%20Energia%202012-2026.pdf,"HTTPConnectionPool(host='observatorio.azc.uam.mx', port=80): Max retries exceeded with url: /centro_docu/selectos/docs/Estrategia%20Nacional%20de%20Energia%202012-2026.pdf (Caused by ConnectTimeoutError(<urllib3.connection.HTTPConnection object at 0x00000232EFD505D0>, 'Connection to observatorio.azc.uam.mx timed out. (connect timeout=30)'))",Mexico,National Energy Strategy 2012-2026 Mexico (2013),Timeout
211001967,reference,1,https://www.environment.gov.au/protection/air-quality/ambient-air-quality-nepm,"HTTPSConnectionPool(host='www.dcceew.gov.au', port=443): Read timed out. (read timeout=30)",Australia,National Environment Protection (Ambient Air Quality) Measure Australia (1998),Timeout
211001992,reference,1,http://www.nicra-icar.in/nicrarevised/index.php/home1,"HTTPConnectionPool(host='www.nicra-icar.in', port=80): Max retries exceeded with url: /nicrarevised/index.php/home1 (Caused by ConnectTimeoutError(<urllib3.connection.HTTPConnection object at 0x00000232F1B32150>, 'Connection to www.nicra-icar.in timed out. (connect timeout=30)'))",India,National Initiative on Climate Resilient Agriculture India (2011),Timeout
211002057,reference,1,http://www.industrie.gouv.fr/energie/recherche/f1e_rech.htm,"HTTPConnectionPool(host='www.industrie.gouv.fr', port=80): Max retries exceeded with url: /energie/recherche/f1e_rech.htm (Caused by ConnectTimeoutError(<urllib3.connection.HTTPConnection object at 0x00000232802F4E10>, 'Connection to www.industrie.gouv.fr timed out. (connect timeout=30)'))",France,National Strategy for Research and Development in the field of Energy France (2007),Timeout
211002060,reference2,2,http://strategy2030.midural.ru/sites/default/files/files/razvitiya_lesnogo_kompleksa.pdf,"HTTPConnectionPool(host='strategy2030.midural.ru', port=80): Max retries exceeded with url: /sites/default/files/files/razvitiya_lesnogo_kompleksa.pdf (Caused by ConnectTimeoutError(<urllib3.connection.HTTPConnection object at 0x00000232F17D6F10>, 'Connection to strategy2030.midural.ru timed out. (connect timeout=30)'))",Russian Federation,National Strategy of Forestry Development by 2020 Russian Federation (2008),Timeout
211002063,reference,1,https://www.energyrating.gov.au/industry-information/publications/national-strategy-energy-efficiency,"HTTPSConnectionPool(host='www.energyrating.gov.au', port=443): Read timed out. (read timeout=30)",Australia,National Strategy on Energy efficiency (NSEE) Australia (2009),Timeout
211002078,reference,1,https://www.industry.gov.au/about-us/independent-scientific-committee-on-wind-turbines,"HTTPSConnectionPool(host='www.industry.gov.au', port=443): Read timed out. (read timeout=30)",Australia,National Wind Farm Commissioner and Independent Scientific Committee on Wind Turbines Australia (2015),Timeout
211002119,reference,1,https://www.aer.gov.au/system/files/Chapter%206%20Electricity%20retail%20markets%202007.pdf,"HTTPSConnectionPool(host='www.aer.gov.au', port=443): Read timed out. (read timeout=30)",Australia,New South Wales Electricity Retailer Greenhouse Benchmarks Australia (2002),Timeout
211002121,reference,1,https://www.ipart.nsw.gov.au/Home/Industries/Energy/Energy-Savings-Scheme/Greenhouse-Gas-Reduction-Scheme,"HTTPSConnectionPool(host='www.ipart.nsw.gov.au', port=443): Read timed out. (read timeout=30)",Australia,New South Wales Greenhouse Gas Reduction Scheme - Demand-side Abatement (DSA) Australia (2003),Timeout
211002241,reference,1,http://www.procelinfo.com.br/main.asp,"HTTPConnectionPool(host='www.procelinfo.com.br', port=80): Max retries exceeded with url: /main.asp (Caused by ConnectTimeoutError(<urllib3.connection.HTTPConnection object at 0x00000232F167F950>, 'Connection to www.procelinfo.com.br timed out. (connect timeout=30)'))",Brazil,PROCEL Seal and label Brazil (1993),Timeout
211002262,reference,1,https://www.energyrating.gov.au/sites/default/files/2022-12/2007-minister-env-light-bulb-ban_0.pdf,"HTTPSConnectionPool(host='www.energyrating.gov.au', port=443): Read timed out. (read timeout=30)",Australia,Phase Out of Inefficient Lightbulbs Australia (2007),Timeout
211002274,reference,1,http://www.meti.go.jp,"HTTPConnectionPool(host='www.meti.go.jp', port=80): Read timed out. (read timeout=30)",Japan,Planned Voluntary Emissions Trading Scheme Japan (2002),Timeout
211002317,reference,1,http://www.braziliannr.com/brazilian-environmental-legislation/,"HTTPConnectionPool(host='www.braziliannr.com', port=80): Read timed out. (read timeout=30)",Brazil,Program for Controlling Air Pollution from Motorcycles and Similar Vehicles â€“ Promot Brazil (2002),Timeout
211002333,reference,1,http://www.meti.go.jp/english/index.html,"HTTPConnectionPool(host='www.meti.go.jp', port=80): Read timed out. (read timeout=30)",Japan,Promotion for Development and Dissemination of PV systems Japan (1997),Timeout
211002334,reference,1,http://www.meti.go.jp/english/index.html,"HTTPConnectionPool(host='www.meti.go.jp', port=80): Read timed out. (read timeout=30)",Japan,Promotion for the Local Introduction of New Energy Japan (1998),Timeout
211002341,reference,1,http://www.enecho.meti.go.jp/en/category/others/basic_plan/pdf/4th_strategic_energy_plan.pdf,"HTTPConnectionPool(host='www.enecho.meti.go.jp', port=80): Read timed out. (read timeout=30)",Japan,"Promotion of Home Energy Management System (HEMS), Building Energy Management System (BEMS) Japan (2001)",Timeout
211002366,reference,1,https://www.my.gov.sa/wps/portal/snp/aboutksa/transport/!ut/p/z0/04_Sj9CPykssy0xPLMnMz0vMAfIjo8zijQx93d0NDYz8DczCLA0CQ4KCg1zMfL1MXAz1g1Pz9AuyHRUBZ4wtsg!!/,"HTTPSConnectionPool(host='www.my.gov.sa', port=443): Max retries exceeded with url: /wps/portal/snp/aboutksa/transport/!ut/p/z0/04_Sj9CPykssy0xPLMnMz0vMAfIjo8zijQx93d0NDYz8DczCLA0CQ4KCg1zMfL1MXAz1g1Pz9AuyHRUBZ4wtsg!!/ (Caused by ConnectTimeoutError(<urllib3.connection.HTTPSConnection object at 0x00000232EFD70D50>, 'Connection to www.my.gov.sa timed out. (connect timeout=30)'))",Saudi Arabia,Public Transport Development Master Plan Saudi Arabia (2013),Timeout
211002370,reference,1,http://www.usbr.gov/power/legislation/purpa.pdf,"HTTPConnectionPool(host='www.usbr.gov', port=80): Max retries exceeded with url: /power/legislation/purpa.pdf (Caused by ConnectTimeoutError(<urllib3.connection.HTTPConnection object at 0x00000232EFD73D50>, 'Connection to www.usbr.gov timed out. (connect timeout=30)'))",United States of America,Public Utility Regulatory Policies Act United States of America (1978),Timeout
211002375,reference,1,http://www.meti.go.jp/english/report/index.html,"HTTPConnectionPool(host='www.meti.go.jp', port=80): Read timed out. (read timeout=30)",Japan,Publication of the White Paper on Energy Japan (2004),Timeout
211002419,reference,1,http://www.industrie.gouv.fr/cgi-bin/industrie/frame0.pl?url=/energie/sommaire.htm,"HTTPConnectionPool(host='www.industrie.gouv.fr', port=80): Max retries exceeded with url: /cgi-bin/industrie/frame0.pl?url=/energie/sommaire.htm (Caused by ConnectTimeoutError(<urllib3.connection.HTTPConnection object at 0x00000232F21AC910>, 'Connection to www.industrie.gouv.fr timed out. (connect timeout=30)'))",France,Reduced VAT for Residential Renewable Energy Equipment France (1999),Timeout
211002451,reference,1,http://www.conventuslaw.com/report/indonesia-update-tariff-framework-for-renewable/,"HTTPSConnectionPool(host='www.conventuslaw.com', port=443): Max retries exceeded with url: /report/indonesia-update-tariff-framework-for-renewable/ (Caused by ConnectTimeoutError(<urllib3.connection.HTTPSConnection object at 0x00000232EF4057D0>, 'Connection to www.conventuslaw.com timed out. (connect timeout=30)'))",Indonesia,Regulation 50/2017 revising of feed-in tariff for renewable energy Indonesia (2017),Timeout
211002506,reference,1,http://www.climatechange.gov.au,"HTTPSConnectionPool(host='www.dcceew.gov.au', port=443): Read timed out. (read timeout=30)",Australia,Renewable Energy Industry Programme (REIP) Australia (1998),Timeout
211002518,reference,1,http://www.meti.go.jp,"HTTPConnectionPool(host='www.meti.go.jp', port=80): Read timed out. (read timeout=30)",Japan,Renewable Energy Targets Japan (1996),Timeout
211002584,reference2,2,http://www.bvsde.paho.org/bvsacd/cd38/Brasil/CONr0589.pdf,"HTTPConnectionPool(host='www.bvsde.paho.org', port=80): Max retries exceeded with url: /bvsacd/cd38/Brasil/CONr0589.pdf (Caused by ConnectTimeoutError(<urllib3.connection.HTTPConnection object at 0x00000232F14F11D0>, 'Connection to www.bvsde.paho.org timed out. (connect timeout=30)'))",Brazil,Resolution on Ambient Air Quality Standards Brazil (1990),Timeout
211002611,reference,1,http://www.rd.usda.gov/programs-services/rural-energy-america-program-energy-audit-renewable-energy-development-assistance,"HTTPConnectionPool(host='www.rd.usda.gov', port=80): Read timed out. (read timeout=30)",United States of America,Rural Energy for America Program (REAP) Energy Audit and Renewable Energy Development Assistance (EA/REDA) Program United States of America (2014),Timeout
211002621,reference,1,http://www.climatechange.gov.au,"HTTPSConnectionPool(host='www.dcceew.gov.au', port=443): Read timed out. (read timeout=30)",Australia,Safeguarding the Future: Australia (1998),Timeout
211002664,reference,1,https://www.mckinsey.com/~/media/mckinsey/dotcom/client_service/EPNG/PDFs/McK%20on%20smart%20grids/MoSG_Europe_VF.aspx,"HTTPSConnectionPool(host='www.mckinsey.com', port=443): Read timed out. (read timeout=30)",Italy,Smart Grid Development Incentives Italy (2010),Timeout
211002730,reference,1,http://www.energyrating.gov.au,"HTTPConnectionPool(host='www.energyrating.gov.au', port=80): Read timed out. (read timeout=30)",Australia,Standby Power Strategy Australia (2002),Timeout
211002759,reference,1,http://www.climatechange.gov.au,"HTTPSConnectionPool(host='www.dcceew.gov.au', port=443): Read timed out. (read timeout=30)",Australia,Strategic Policy Response Australia (2004),Timeout
211002767,reference,1,https://www.dcceew.gov.au/energy/transport,"HTTPSConnectionPool(host='www.dcceew.gov.au', port=443): Read timed out. (read timeout=30)",Australia,Strategy to Reduce Transport Emissions Australia (2000),Timeout
211002778,reference,1,http://www.meti.go.jp,"HTTPConnectionPool(host='www.meti.go.jp', port=80): Read timed out. (read timeout=30)",Japan,Subsidies of Local Projects for Accelerating the Introduction of New and Renewable Energy Japan (2000),Timeout
211002781,reference,1,http://www.nef.or.jp/english/index.html,"HTTPConnectionPool(host='www.nef.or.jp', port=80): Max retries exceeded with url: /english/index.html (Caused by ConnectTimeoutError(<urllib3.connection.HTTPConnection object at 0x00000232F182C5D0>, 'Connection to www.nef.or.jp timed out. (connect timeout=30)'))",Japan,Subsidy Programme for Residential PV systems Japan (1994),Timeout
211002782,reference,1,http://www.meti.go.jp/english/index.html,"HTTPConnectionPool(host='www.meti.go.jp', port=80): Read timed out. (read timeout=30)",Japan,Subsidy for RD&D for New and Renewable Energy Japan (1997),Timeout
211002785,reference,1,http://www.meti.go.jp,"HTTPConnectionPool(host='www.meti.go.jp', port=80): Read timed out. (read timeout=30)",Japan,Subsidy of Companies for the Diffusion of Renewable Energy Japan (2000),Timeout
211002791,reference,1,http://www.meti.go.jp/english/index.html,"HTTPConnectionPool(host='www.meti.go.jp', port=80): Read timed out. (read timeout=30)",Japan,Support for Deployment of New and Renewable Energy Japan (1997),Timeout
211002803,reference,1,http://www.yourhome.gov.au/,"HTTPConnectionPool(host='www.yourhome.gov.au', port=80): Read timed out. (read timeout=30)",Australia,Sustainable Housing Australia (2002),Timeout
211002806,reference,1,http://www.sdtc.ca,"HTTPConnectionPool(host='www.sdtc.ca', port=80): Max retries exceeded with url: / (Caused by ConnectTimeoutError(<urllib3.connection.HTTPConnection object at 0x00000232F19F6DD0>, 'Connection to www.sdtc.ca timed out. (connect timeout=30)'))",Canada,Sustainable Technology Development Canada (2001),Timeout
211002825,reference,1,http://conferencias.cepal.org/politica_fiscal/Jueves%2023/Pdf/Sangyool%20Lee.pdf,"HTTPConnectionPool(host='conferencias.cepal.org', port=80): Max retries exceeded with url: /politica_fiscal/Jueves%2023/Pdf/Sangyool%20Lee.pdf (Caused by ConnectTimeoutError(<urllib3.connection.HTTPConnection object at 0x00000232F0293210>, 'Connection to conferencias.cepal.org timed out. (connect timeout=30)'))",Republic of Korea,Tax Incentives Republic of Korea (2004),Timeout
211002829,reference2,2,https://www.enecho.meti.go.jp/category/saving_and_new/saiene/support/dl/saiene_zeisei.pdf,"HTTPSConnectionPool(host='www.enecho.meti.go.jp', port=443): Read timed out. (read timeout=30)",Japan,Tax System for Promoting Energy Efficiency and Renewable Energy Japan (2018),Timeout
211002839,reference,1,http://www.enecho.meti.go.jp/greensite/green/index.html,"HTTPConnectionPool(host='www.enecho.meti.go.jp', port=80): Read timed out. (read timeout=30)",Japan,Tax incentive for industry (Green Investment Tax) Japan (1975),Timeout
211002867,reference,1,http://www.usbr.gov/power/legislation/doeorg.pdf,"HTTPConnectionPool(host='www.usbr.gov', port=80): Max retries exceeded with url: /power/legislation/doeorg.pdf (Caused by ConnectTimeoutError(<urllib3.connection.HTTPConnection object at 0x00000232F1B09590>, 'Connection to www.usbr.gov timed out. (connect timeout=30)'))",United States of America,The Department of Energy Organization Act United States of America (1977),Timeout
211002959,reference,1,https://www.rd.usda.gov/programs-services/energy-programs/biorefinery-renewable-chemical-and-biobased-product-manufacturing-assistance-program,"HTTPSConnectionPool(host='www.rd.usda.gov', port=443): Read timed out. (read timeout=30)",United States of America,USDA - Biorefinery Assistance Program United States of America (2013),Timeout
211002960,reference,1,http://www.rd.usda.gov/programs-services/high-energy-cost-grants,"HTTPConnectionPool(host='www.rd.usda.gov', port=80): Read timed out. (read timeout=30)",United States of America,USDA - High Energy Cost Grant Program United States of America (2014),Timeout
211002981,reference,1,http://puvvnl.up.nic.in/Download/UPERC-Rooftop-Solar-PV-Regulations-2015.pdf,"HTTPConnectionPool(host='puvvnl.up.nic.in', port=80): Max retries exceeded with url: /Download/UPERC-Rooftop-Solar-PV-Regulations-2015.pdf (Caused by ConnectTimeoutError(<urllib3.connection.HTTPConnection object at 0x00000232EFD40250>, 'Connection to puvvnl.up.nic.in timed out. (connect timeout=30)'))",India,Uttar Pradesh net-metering regulations for rooftop solar PV India (2015),Timeout
211002982,reference,1,http://puvvnl.up.nic.in/Download/UPERC-Rooftop-Solar-PV-Regulations-2015.pdf,"HTTPConnectionPool(host='puvvnl.up.nic.in', port=80): Max retries exceeded with url: /Download/UPERC-Rooftop-Solar-PV-Regulations-2015.pdf (Caused by ConnectTimeoutError(<urllib3.connection.HTTPConnection object at 0x00000232F15E0690>, 'Connection to puvvnl.up.nic.in timed out. (connect timeout=30)'))",India,Uttar Pradesh renewable energy feed-in tariff India (2014),Timeout
211003036,reference,1,https://www.enecho.meti.go.jp/en/category/others/basic_plan/5th/pdf/strategic_energy_plan_outline.pdf,"HTTPSConnectionPool(host='www.enecho.meti.go.jp', port=443): Read timed out. (read timeout=30)",Japan,5th Strategic Energy Plan Japan (2018),Timeout
211003050,reference,1,https://www.enecho.meti.go.jp/committee/council/basic_policy_subcommittee/022/pdf/022_006.pdf,"HTTPSConnectionPool(host='www.enecho.meti.go.jp', port=443): Read timed out. (read timeout=30)",Japan,Measures for Achieving the 2030 Energy Mix Japan (2017),Timeout
211003090,reference,1,https://www.climatechangeauthority.gov.au/reviews/light-vehicle-emissions-standards-australia/policies-reducing-light-vehicle-emissions,"HTTPSConnectionPool(host='www.climatechangeauthority.gov.au', port=443): Read timed out. (read timeout=30)",Australia,Voluntary Code of Practice - Reducing the Fuel Consumption of New Light Vehicles Australia (2003),Timeout
211003244,reference,1,https://www.ntc.gov.au/laws-and-regulations/road-user-charges,"HTTPSConnectionPool(host='www.ntc.gov.au', port=443): Read timed out. (read timeout=30)",Australia,Road User Charge Australia (2006),Timeout
211003313,reference,1,https://www.dcceew.gov.au/climate-change/publications/technology-investment-roadmap,"HTTPSConnectionPool(host='www.dcceew.gov.au', port=443): Read timed out. (read timeout=30)",Australia,Technology Investment Roadmap Australia (2020),Timeout
211003317,reference,1,https://www.cbc.ca/news/canada/british-columbia/carbon-tax-bc-1.5083734,"HTTPSConnectionPool(host='www.cbc.ca', port=443): Read timed out. (read timeout=30)",Canada,British Columbia Carbon Tax Canada (2007),Timeout
211003396,reference,1,http://www.evn.com.vn/,"HTTPConnectionPool(host='www.evn.com.vn', port=80): Max retries exceeded with url: / (Caused by ConnectTimeoutError(<urllib3.connection.HTTPConnection object at 0x00000232F29BA850>, 'Connection to www.evn.com.vn timed out. (connect timeout=30)'))",Viet Nam,Decree No. 45/2001/ND-CP on Electric Power Operation and Use Viet Nam (2001),Timeout
211003447,reference,1,https://gosatomnadzor.mchs.gov.by/en/zakonodatelstvo/opisanie-sistemy-normativno-pravovogo-regulirovaniya-yadernoy-i-radiatsionnoy-bezopasnosti/,"HTTPSConnectionPool(host='gosatomnadzor.mchs.gov.by', port=443): Max retries exceeded with url: /en/zakonodatelstvo/opisanie-sistemy-normativno-pravovogo-regulirovaniya-yadernoy-i-radiatsionnoy-bezopasnosti/ (Caused by ConnectTimeoutError(<urllib3.connection.HTTPSConnection object at 0x00000232F1B59990>, 'Connection to gosatomnadzor.mchs.gov.by timed out. (connect timeout=30)'))",Belarus,Act No. 426-N on the use of nuclear power Belarus (2008),Timeout
211003622,reference2,2,http://environnement.wallonie.be/legis/air/air074.html,"HTTPConnectionPool(host='environnement.wallonie.be', port=80): Max retries exceeded with url: /legis/air/air074.html (Caused by ConnectTimeoutError(<urllib3.connection.HTTPConnection object at 0x00000232F17AF650>, 'Connection to environnement.wallonie.be timed out. (connect timeout=30)'))",Belgium,Decree Climate (Wallonia) Belgium (2014),Timeout
211003648,reference,1,http://www.pgrweb.go.cr/scij/Busqueda/Normativa/Normas/nrm_texto_completo.aspx?param1=NRTC&nValor1=1&nValor2=84845&nValor3=109604&strTipM=TC,"HTTPConnectionPool(host='www.pgrweb.go.cr', port=80): Max retries exceeded with url: /scij/Busqueda/Normativa/Normas/nrm_texto_completo.aspx?param1=NRTC&nValor1=1&nValor2=84845&nValor3=109604&strTipM=TC (Caused by ConnectTimeoutError(<urllib3.connection.HTTPConnection object at 0x00000232EEF9D010>, 'Connection to www.pgrweb.go.cr timed out. (connect timeout=30)'))",Costa Rica,Decree No. 40615 creating the Scientific Council on Climate Change Costa Rica (2017),Timeout
211003922,reference,1,https://www.nationalcouncil.bt/assets/uploads/docs/acts/2017/Forest-and-Nature-Conservation-Act-of-Bhutan1995_English_1.pdf,"HTTPSConnectionPool(host='www.nationalcouncil.bt', port=443): Max retries exceeded with url: /assets/uploads/docs/acts/2017/Forest-and-Nature-Conservation-Act-of-Bhutan1995_English_1.pdf (Caused by ConnectTimeoutError(<urllib3.connection.HTTPSConnection object at 0x00000232F1B15B90>, 'Connection to www.nationalcouncil.bt timed out. (connect timeout=30)'))",Bhutan,Forest and Nature Conservation Act Bhutan (1995),Timeout
211003930,reference,1,https://www.neda.gov.ph/wp-content/uploads/2013/10/nfscc_sgd.pdf,"HTTPSConnectionPool(host='www.neda.gov.ph', port=443): Max retries exceeded with url: /wp-content/uploads/2013/10/nfscc_sgd.pdf (Caused by ConnectTimeoutError(<urllib3.connection.HTTPSConnection object at 0x00000232EFCE48D0>, 'Connection to www.neda.gov.ph timed out. (connect timeout=30)'))",Philippines,Framework Strategy on Climate Change Philippines (2010),Timeout
211004232,reference,1,http://www.pgrweb.go.cr/scij/Busqueda/Normativa/Normas/nrm_texto_completo.aspx?param1=NRTC&nValor1=1&nValor2=81837&nValor3=104518&strTipM=TC,"HTTPConnectionPool(host='www.pgrweb.go.cr', port=80): Max retries exceeded with url: /scij/Busqueda/Normativa/Normas/nrm_texto_completo.aspx?param1=NRTC&nValor1=1&nValor2=81837&nValor3=104518&strTipM=TC (Caused by ConnectTimeoutError(<urllib3.connection.HTTPConnection object at 0x00000232EFB23690>, 'Connection to www.pgrweb.go.cr timed out. (connect timeout=30)'))",Costa Rica,Law 9366 on Railway Electrification Costa Rica (2016),Timeout
211004276,reference,1,http://www.pgrweb.go.cr/scij/Busqueda/Normativa/Normas/nrm_texto_completo.aspx?param1=NRTC&nValor1=1&nValor2=85810&nValor3=111104&strTipM=TC,"HTTPConnectionPool(host='www.pgrweb.go.cr', port=80): Max retries exceeded with url: /scij/Busqueda/Normativa/Normas/nrm_texto_completo.aspx?param1=NRTC&nValor1=1&nValor2=85810&nValor3=111104&strTipM=TC (Caused by ConnectTimeoutError(<urllib3.connection.HTTPConnection object at 0x00000232EFCD02D0>, 'Connection to www.pgrweb.go.cr timed out. (connect timeout=30)'))",Costa Rica,Law no 9518 on incentives and promotion of electric transportation Costa Rica (2018),Timeout
211004278,reference,1,http://biblioteca.unmsm.edu.pe/RedLIEDS/Recursos/archivos/Legislacion/Peru/ley26834.pdf,"HTTPConnectionPool(host='biblioteca.unmsm.edu.pe', port=80): Max retries exceeded with url: /RedLIEDS/Recursos/archivos/Legislacion/Peru/ley26834.pdf (Caused by ConnectTimeoutError(<urllib3.connection.HTTPConnection object at 0x00000232F1CC2A90>, 'Connection to biblioteca.unmsm.edu.pe timed out. (connect timeout=30)'))",Peru,Law no. 26834 on Natural Protected Areas Peru (1997),Timeout
211004436,reference3,3,http://www.digeca.go.cr/documentos/legislacion/Acuerdo%2036-2012%20MINAET%20Oficializa%20Programa%20Pais%20Carbono%20Neutralidad.pdf,"HTTPConnectionPool(host='www.digeca.go.cr', port=80): Max retries exceeded with url: /documentos/legislacion/Acuerdo%2036-2012%20MINAET%20Oficializa%20Programa%20Pais%20Carbono%20Neutralidad.pdf (Caused by ConnectTimeoutError(<urllib3.connection.HTTPConnection object at 0x00000232EF9193D0>, 'Connection to www.digeca.go.cr timed out. (connect timeout=30)'))",Costa Rica,National Climate Change Strategy (NCCS) Costa Rica (2009),Timeout
211004509,reference,1,https://www.neda.gov.ph/wp-content/uploads/2013/10/nfscc_sgd.pdf,"HTTPSConnectionPool(host='www.neda.gov.ph', port=443): Max retries exceeded with url: /wp-content/uploads/2013/10/nfscc_sgd.pdf (Caused by ConnectTimeoutError(<urllib3.connection.HTTPSConnection object at 0x00000232EFE3C310>, 'Connection to www.neda.gov.ph timed out. (connect timeout=30)'))",Philippines,National Framework Strategy on Climate Change Philippines (2010),Timeout
211004519,reference,1,https://www.pgrweb.go.cr/scij/Busqueda/Normativa/Normas/nrm_texto_completo.aspx?nValor1=1&nValor2=89509,"HTTPSConnectionPool(host='www.pgrweb.go.cr', port=443): Max retries exceeded with url: /scij/Busqueda/Normativa/Normas/nrm_texto_completo.aspx?nValor1=1&nValor2=89509 (Caused by ConnectTimeoutError(<urllib3.connection.HTTPSConnection object at 0x00000232F15132D0>, 'Connection to www.pgrweb.go.cr timed out. (connect timeout=30)'))",Costa Rica,National Plan for Electric Transport Costa Rica (2019),Timeout
211004536,reference,1,http://www.pgrweb.go.cr/scij/Busqueda/Normativa/Normas/nrm_texto_completo.aspx?param1=NRTC&nValor1=1&nValor2=86593&nValor3=112413&strTipM=TC,"HTTPConnectionPool(host='www.pgrweb.go.cr', port=80): Max retries exceeded with url: /scij/Busqueda/Normativa/Normas/nrm_texto_completo.aspx?param1=NRTC&nValor1=1&nValor2=86593&nValor3=112413&strTipM=TC (Caused by ConnectTimeoutError(<urllib3.connection.HTTPConnection object at 0x00000232F21BE610>, 'Connection to www.pgrweb.go.cr timed out. (connect timeout=30)'))",Costa Rica,National Program for Carbon Neutrality 2.0 Costa Rica (2017),Timeout
211004537,reference,1,https://www.mrrb.bg/en/energy-efficiency/energy-efficiency-of-multi-family-residential-buildings-national-programme/,"HTTPSConnectionPool(host='www.mrrb.bg', port=443): Max retries exceeded with url: /en/energy-efficiency/energy-efficiency-of-multi-family-residential-buildings-national-programme/ (Caused by ConnectTimeoutError(<urllib3.connection.HTTPSConnection object at 0x00000232EFA6A810>, 'Connection to www.mrrb.bg timed out. (connect timeout=30)'))",Bulgaria,National Program for Energy Efficiency of Multifamily Buildings Bulgaria (2015),Timeout
211004600,reference,1,https://www.mckinsey.com/capabilities/sustainability/our-insights/toward-net-zero-emissions-achieving-luxembourgs-sustainability-ambitions,"HTTPSConnectionPool(host='www.mckinsey.com', port=443): Read timed out. (read timeout=30)",Luxembourg,National Strategy to Reduce GHG Emissions Luxembourg (2000),Timeout
211004724,reference,1,http://www.satba.gov.ir/en/guaranteed-Guaranteed-Renewable-Electricity-Purchase-Tariffs,"HTTPConnectionPool(host='www.satba.gov.ir', port=80): Max retries exceeded with url: /en/guaranteed-Guaranteed-Renewable-Electricity-Purchase-Tariffs (Caused by ConnectTimeoutError(<urllib3.connection.HTTPConnection object at 0x00000232F1D39D10>, 'Connection to www.satba.gov.ir timed out. (connect timeout=30)'))",Iran,Power Purchase Price from clean and renewable sources Iran (2015),Timeout
211005068,reference,1,https://therightsofnature.org/bolivia-law-of-mother-earth/,"HTTPSConnectionPool(host='therightsofnature.org', port=443): Max retries exceeded with url: /bolivia-law-of-mother-earth/ (Caused by ConnectTimeoutError(<urllib3.connection.HTTPSConnection object at 0x00000232EFCE21D0>, 'Connection to therightsofnature.org timed out. (connect timeout=30)'))","Bolivia, Plurinational State of",The Rights of Mother Earth Law Bolivia (2010),Timeout
211005098,reference,1,http://www.fise.gob.pe/pags/normas/RM-203-2013-MEM-DM.pdf,"HTTPConnectionPool(host='www.fise.gob.pe', port=80): Max retries exceeded with url: /pags/normas/RM-203-2013-MEM-DM.pdf (Caused by ConnectTimeoutError(<urllib3.connection.HTTPConnection object at 0x00000232F162B350>, 'Connection to www.fise.gob.pe timed out. (connect timeout=30)'))",Peru,Universal Energy Access Plan 2013-2022 Peru (2013),Timeout
211005216,reference2,2,https://www.portalambiental.com.mx/calidad-del-aire/20191114/estrategia-de-movilidad-electrica-reducira-emisiones-contaminantes,"HTTPSConnectionPool(host='www.portalambiental.com.mx', port=443): Max retries exceeded with url: /calidad-del-aire/20191114/estrategia-de-movilidad-electrica-reducira-emisiones-contaminantes (Caused by ConnectTimeoutError(<urllib3.connection.HTTPSConnection object at 0x00000232EFA91A10>, 'Connection to www.portalambiental.com.mx timed out. (connect timeout=30)'))",Mexico,National Strategy for Electric Mobility Vision 2030 Mexico (2021),Timeout
211005293,reference2,2,https://pressroom.ifc.org/all/pages/PressDetail.aspx?ID=18509,"HTTPSConnectionPool(host='pressroom.ifc.org', port=443): Max retries exceeded with url: /all/pages/PressDetail.aspx?ID=18509 (Caused by ConnectTimeoutError(<urllib3.connection.HTTPSConnection object at 0x00000232EFDE85D0>, 'Connection to pressroom.ifc.org timed out. (connect timeout=30)'))",Uzbekistan,Solar power plant financing agreement Uzbekistan (2020),Timeout
211105368,reference,1,https://www.dcceew.gov.au/climate-change/publications/technology-investment-roadmap,"HTTPSConnectionPool(host='www.dcceew.gov.au', port=443): Read timed out. (read timeout=30)",Australia,Low Emissions Technology Statement Australia (2020),Timeout
211105370,reference,1,https://www.energy.gov.au/government-priorities/energy-markets/gas-markets,"HTTPSConnectionPool(host='www.energy.gov.au', port=443): Read timed out. (read timeout=30)",Australia,Gas-Fired Recovery Plan Australia (2020),Timeout
211105371,reference,1,https://www.energy.gov.au/government-priorities/energy-markets/gas-markets,"HTTPSConnectionPool(host='www.energy.gov.au', port=443): Read timed out. (read timeout=30)",Australia,Domestic Gas Security Mechanism (DGSM) Australia (2017),Timeout
211105373,reference,1,https://www.environment.gov.au/protection/waste/publications/national-food-waste-strategy,"HTTPSConnectionPool(host='www.dcceew.gov.au', port=443): Read timed out. (read timeout=30)",Australia,National Food Waste Strategy Australia (2017),Timeout
211105375,reference,1,https://www.dcceew.gov.au/energy/publications/australias-national-hydrogen-strategy,"HTTPSConnectionPool(host='www.dcceew.gov.au', port=443): Read timed out. (read timeout=30)",Australia,National Hydrogen Strategy Australia (2019),Timeout
211105375,reference2,2,https://www.dcceew.gov.au/sites/default/files/documents/national-hydrogen-strategy-2024.pdf,"HTTPSConnectionPool(host='www.dcceew.gov.au', port=443): Read timed out. (read timeout=30)",Australia,National Hydrogen Strategy Australia (2019),Timeout
211105379,reference,1,https://www.environment.gov.au/epbc,"HTTPSConnectionPool(host='www.dcceew.gov.au', port=443): Read timed out. (read timeout=30)",Australia,Environment Protection and Biodiversity Conservation Act (EPBC Act) Australia (1999),Timeout
211105381,reference3,3,https://www.dcceew.gov.au/sites/default/files/documents/safeguard-mechanism-reforms-factsheet-2023.pdf,"HTTPSConnectionPool(host='www.dcceew.gov.au', port=443): Read timed out. (read timeout=30)",Australia,Safeguard Mechanism Australia (2016),Timeout
211105383,reference,1,https://www.minister.industry.gov.au/ministers/taylor/media-releases/energy-and-emissions-reduction-deal-tasmania,"HTTPSConnectionPool(host='www.minister.industry.gov.au', port=443): Read timed out. (read timeout=30)",Australia,Tasmania State Energy and Emissions Reduction Deal Australia (2020),Timeout
211105385,reference,1,http://www.environment.gov.au/protection/emissions-standards/legislative-framework,"HTTPSConnectionPool(host='www.dcceew.gov.au', port=443): Read timed out. (read timeout=30)",Australia,Product Emissions Standards Act Australia (2017),Timeout
211105388,reference,1,https://energyministers.gov.au/publications/trajectory-low-energy-buildings,"HTTPSConnectionPool(host='www.energy.gov.au', port=443): Read timed out. (read timeout=30)",Australia,Trajectory for Low Energy Buildings Australia (2019),Timeout
211105426,reference,1,https://www.meti.go.jp/english/policy/energy_environment/global_warming/ggs2050/index.html,"HTTPSConnectionPool(host='www.meti.go.jp', port=443): Read timed out. (read timeout=30)",Japan,Green Growth Strategy Japan (2021),Timeout
211105471,reference,1,https://laws-lois.justice.gc.ca/eng/regulations/SOR-2019-266/page-1.html#h-1183989,"HTTPSConnectionPool(host='laws-lois.justice.gc.ca', port=443): Max retries exceeded with url: /eng/regulations/SOR-2019-266/page-1.html (Caused by ConnectTimeoutError(<urllib3.connection.HTTPSConnection object at 0x00000232EF8DA7D0>, 'Connection to laws-lois.justice.gc.ca timed out. (connect timeout=30)'))",Canada,Output-Based Pricing System (OBPS) Canada (2019),Timeout
211105475,reference,1,https://secure.infc.gc.ca/pub/other-autre/cl-occ-eng.html#1.1,"HTTPSConnectionPool(host='secure.infc.gc.ca', port=443): Max retries exceeded with url: /pub/other-autre/cl-occ-eng.html (Caused by ConnectTimeoutError(<urllib3.connection.HTTPSConnection object at 0x00000232F1D958D0>, 'Connection to secure.infc.gc.ca timed out. (connect timeout=30)'))",Canada,Climate Lens Canada (2018),Timeout
211105476,reference,1,https://tc.canada.ca/en/programs/northern-transportation-adaptation-initiative-program,"HTTPSConnectionPool(host='tc.canada.ca', port=443): Max retries exceeded with url: /en/programs/northern-transportation-adaptation-initiative-program (Caused by ConnectTimeoutError(<urllib3.connection.HTTPSConnection object at 0x00000232EFE70E50>, 'Connection to tc.canada.ca timed out. (connect timeout=30)'))",Canada,Northern Transportation Adaptation Initiative Program Canada (2021),Timeout
211105479,reference,1,https://www.infrastructure.gc.ca/prog/programs-infc-summary-eng.html#gif,"HTTPSConnectionPool(host='www.infrastructure.gc.ca', port=443): Max retries exceeded with url: /prog/programs-infc-summary-eng.html (Caused by ConnectTimeoutError(<urllib3.connection.HTTPSConnection object at 0x00000232EFE9C4D0>, 'Connection to www.infrastructure.gc.ca timed out. (connect timeout=30)'))",Canada,Green Infrastructure Fund Canada (2009),Timeout
211105488,reference,1,https://www.cbc.ca/news/canada/montreal/trudeau-legault-electric-vehicle-announcement-1.5949998,"HTTPSConnectionPool(host='www.cbc.ca', port=443): Read timed out. (read timeout=30)",Canada,Loan to the electric vehicle battery factory Lion Electric Canada (2021),Timeout
211105490,reference,1,https://pm.gc.ca/en/news/news-releases/2021/02/10/new-public-transit-investments-build-strong-communities-fight-climate,"HTTPSConnectionPool(host='pm.gc.ca', port=443): Max retries exceeded with url: /en/news/news-releases/2021/02/10/new-public-transit-investments-build-strong-communities-fight-climate (Caused by ConnectTimeoutError(<urllib3.connection.HTTPSConnection object at 0x00000232F21EEB90>, 'Connection to pm.gc.ca timed out. (connect timeout=30)'))",Canada,"New public transit investments to build strong communities, fight climate change, and create new jobs Canada (2021)",Timeout
211105492,reference,1,https://ised-isde.canada.ca/site/strategic-innovation-fund/en,"HTTPSConnectionPool(host='ised-isde.canada.ca', port=443): Max retries exceeded with url: /site/strategic-innovation-fund/en (Caused by ConnectTimeoutError(<urllib3.connection.HTTPSConnection object at 0x00000232F29D87D0>, 'Connection to ised-isde.canada.ca timed out. (connect timeout=30)'))",Canada,Strategic Innovation Fund Canada (2017),Timeout
211105498,reference,1,https://www.sdtc.ca/en/,"HTTPSConnectionPool(host='www.sdtc.ca', port=443): Max retries exceeded with url: /en/ (Caused by ConnectTimeoutError(<urllib3.connection.HTTPSConnection object at 0x00000232F19D8410>, 'Connection to www.sdtc.ca timed out. (connect timeout=30)'))",Canada,Sustainable Development Technology (SDTC) - Cleantech projects Canada (2020),Timeout
211205639,reference,1,https://www.meti.go.jp/press/2021/05/20210507001/20210507001-3.pdf,"HTTPSConnectionPool(host='www.meti.go.jp', port=443): Read timed out. (read timeout=30)",Japan,Basic Guidelines on Climate Transition Finance Japan (2021),Timeout
211205643,reference,1,https://www.meti.go.jp/english/press/2021/0726_003.html,"HTTPSConnectionPool(host='www.meti.go.jp', port=443): Read timed out. (read timeout=30)",Japan,Roadmap for Carbon Recycling Technologies Japan (2019),Timeout
211205666,reference,1,https://www.nema.go.ke/images/Docs/Regulations/Waste%20Management%20Regulations-1.pdf,"HTTPSConnectionPool(host='nema.go.ke', port=443): Read timed out. (read timeout=30)",Kenya,Environmental Management and Coordination (Waste Management) Regulations Kenya (2006),Timeout
220105691,reference,1,https://ilam.mofe.gov.np/,"HTTPSConnectionPool(host='ilam.mofe.gov.np', port=443): Read timed out. (read timeout=30)",Nepal,Integrated Landscape Management to Secure Protected Areas and Critical Corridors Nepal (2020),Timeout
220205862,reference,1,https://minister.agriculture.gov.au/watt/media-releases/joint-media-release-methane-emissions-reduction-livestock-meril-program,"HTTPSConnectionPool(host='minister.agriculture.gov.au', port=443): Read timed out. (read timeout=30)",Australia,Methane Emissions Reduction in Livestock (MERiL) program Australia (2022),Timeout
220205884,reference,1,http://www.mti.gov.eg/English/MediaCenter/News/Pages/Car-conversion-initiative-starts-by-end-March--Ministers.aspx,"HTTPConnectionPool(host='www.mti.gov.eg', port=80): Max retries exceeded with url: /English/MediaCenter/News/Pages/Car-conversion-initiative-starts-by-end-March--Ministers.aspx (Caused by ConnectTimeoutError(<urllib3.connection.HTTPConnection object at 0x00000232EF8886D0>, 'Connection to www.mti.gov.eg timed out. (connect timeout=30)'))",Egypt,Vehicle conversion to CNG initiative Egypt (2022),Timeout
230206070,reference,1,https://pollution-waste.canada.ca/environmental-protection-registry/regulations/view?Id=1170,"HTTPSConnectionPool(host='pollution-waste.canada.ca', port=443): Max retries exceeded with url: /environmental-protection-registry/regulations/view?Id=1170 (Caused by ConnectTimeoutError(<urllib3.connection.HTTPSConnection object at 0x00000232EF8E9990>, 'Connection to pollution-waste.canada.ca timed out. (connect timeout=30)'))",Canada,Clean Fuel Standard Canada (2022),Timeout
230206071,reference,1,https://nrc-publications.canada.ca/eng/view/ft/?id=515340b5-f4e0-4798-be69-692e4ec423e8,"HTTPSConnectionPool(host='nrc-publications.canada.ca', port=443): Max retries exceeded with url: /eng/view/ft/?id=515340b5-f4e0-4798-be69-692e4ec423e8 (Caused by ConnectTimeoutError(<urllib3.connection.HTTPSConnection object at 0x00000232F21EF750>, 'Connection to nrc-publications.canada.ca timed out. (connect timeout=30)'))",Canada,National Building Code Canada (2022),Timeout
230206074,reference,1,https://gazette.gc.ca/rp-pr/p2/2022/2022-06-08/html/sor-dors111-eng.html,"HTTPSConnectionPool(host='gazette.gc.ca', port=443): Max retries exceeded with url: /rp-pr/p2/2022/2022-06-08/html/sor-dors111-eng.html (Caused by ConnectTimeoutError(<urllib3.connection.HTTPSConnection object at 0x00000232EEF43450>, 'Connection to gazette.gc.ca timed out. (connect timeout=30)'))",Canada,Greenhouse Gas Offset Credit System Regulations:Â SOR/2022-111 Canada (2022),Timeout
230206097,reference,1,https://www.meti.go.jp/english/policy/energy_environment/transition_finance/index.html,"HTTPSConnectionPool(host='www.meti.go.jp', port=443): Read timed out. (read timeout=30)",Japan,Sectoral roadmaps for Promoting Transition Finance Japan (2022),Timeout
230706213,reference,1,https://fas.usda.gov/data/brazil-abc-plus-brazils-new-climate-change-adaptation-and-low-carbon-emission-agriculture-plan,"HTTPSConnectionPool(host='www.fas.usda.gov', port=443): Read timed out. (read timeout=30)",Brazil,Brazilian Agricultural Policy for Climate Adaptation and Low Carbon Emission (ABC+ Plan) Brazil (2010),Timeout
240306329,reference2,2,https://enerji.gov.tr//Media/Dizin/EIGM/tr/Raporlar/TUEP/T%C3%BCrkiye_Ulusal_Enerji_Plan%C4%B1.pdf,"HTTPSConnectionPool(host='enerji.gov.tr', port=443): Max retries exceeded with url: /Media/Dizin/EIGM/tr/Raporlar/TUEP/T%C3%BCrkiye_Ulusal_Enerji_Plan%C4%B1.pdf (Caused by ConnectTimeoutError(<urllib3.connection.HTTPSConnection object at 0x00000232FBF71B90>, 'Connection to enerji.gov.tr timed out. (connect timeout=30)'))",Turkey,National Energy Plan 2023-2035 Turkey (2022),Timeout
240306358,reference,1,https://www.dcceew.gov.au/sites/default/files/documents/national-electric-vehicle-strategy.pdf,"HTTPSConnectionPool(host='www.dcceew.gov.au', port=443): Read timed out. (read timeout=30)",Australia,National Electric Vehicle Strategy Australia (2023),Timeout
240306359,reference,1,https://www.finance.gov.au/sites/default/files/2023-11/Net_Zero_Government_Operations_Strategy.pdf,"HTTPSConnectionPool(host='www.finance.gov.au', port=443): Read timed out. (read timeout=30)",Australia,Net Zero in Government Operations Strategy Australia (2023),Timeout
240306360,reference,1,https://www.dcceew.gov.au/energy/renewable/capacity-investment-scheme,"HTTPSConnectionPool(host='www.dcceew.gov.au', port=443): Read timed out. (read timeout=30)",Australia,Capacity Investment Scheme Australia (2023),Timeout
240306373,reference,1,https://www.doe.gov.ph/energy-efficiency/comprehensive-roadmap-electric-vehicle-industry-0,"HTTPSConnectionPool(host='doe.gov.ph', port=443): Read timed out. (read timeout=30)",Philippines,Comprehensive Roadmap for the Electric Vehicle Industry (CREVI) Philippines (2023),Timeout
240306390,reference,1,https://jdih.kemenkeu.go.id/in/dokumen/peraturan/ebe3b714-edb1-4392-0198-08db30cc711a,"HTTPSConnectionPool(host='jdih.kemenkeu.go.id', port=443): Read timed out. (read timeout=30)",Indonesia,VAT reduction for Battery Electric Vehicle Indonesia (2023),Timeout
240306394,reference2,2,https://www.meti.go.jp/shingikai/energy_environment/ccs_choki_roadmap/pdf/006_03_02.pdf,"HTTPSConnectionPool(host='www.meti.go.jp', port=443): Read timed out. (read timeout=30)",Japan,Carbon Capture and Storage Long-Term Roadmap Japan (2023),Timeout
241006526,reference,1,https://www.dcceew.gov.au/environment/protection/waste/publications/national-waste-policy-2018,"HTTPSConnectionPool(host='www.dcceew.gov.au', port=443): Read timed out. (read timeout=30)",Australia,National Waste Policy Australia (2018),Timeout
241006528,reference,1,https://www.infrastructure.gov.au/infrastructure-transport-vehicles/vehicles/new-vehicle-efficiency-standard,"HTTPSConnectionPool(host='www.infrastructure.gov.au', port=443): Read timed out. (read timeout=30)",Australia,New Vehicle Efficiency Strategy Australia (2024),Timeout
241006529,reference,1,https://www.dcceew.gov.au/energy/renewable/community-batteries,"HTTPSConnectionPool(host='www.dcceew.gov.au', port=443): Read timed out. (read timeout=30)",Australia,Community solar incentives Australia (2023),Timeout
241006530,reference,1,https://www.industry.gov.au/publications/future-gas-strategy,"HTTPSConnectionPool(host='www.industry.gov.au', port=443): Read timed out. (read timeout=30)",Australia,Future Gas Strategy Australia (2024),Timeout
250306535,reference,1,https://www.dcceew.gov.au/sites/default/files/documents/annual-climate-change-statement-2024.pdf,"HTTPSConnectionPool(host='www.dcceew.gov.au', port=443): Read timed out. (read timeout=30)",Australia,Annual Climate Change Statement Australia (2024),Timeout
250306538,reference,1,https://www.dcceew.gov.au/sites/default/files/documents/national-energy-performance-strategy.pdf,"HTTPSConnectionPool(host='www.dcceew.gov.au', port=443): Read timed out. (read timeout=30)",Australia,National Energy Performance Strategy Australia (2024),Timeout
250306538,reference2,2,https://www.dcceew.gov.au/energy/strategies-and-frameworks/national-energy-performance-strategy,"HTTPSConnectionPool(host='www.dcceew.gov.au', port=443): Read timed out. (read timeout=30)",Australia,National Energy Performance Strategy Australia (2024),Timeout
250306539,reference,1,https://www.dcceew.gov.au/sites/default/files/documents/climate-risk-management.pdf,"HTTPSConnectionPool(host='www.dcceew.gov.au', port=443): Read timed out. (read timeout=30)",Australia,Climate Risk Management: The Australian Governmentâ€™s Approach to Climate Risk and Opportunity Management in the Public Sector 2024â€“2026 Australia (2024),Timeout
250306548,reference,1,https://www.gazette.gc.ca/rp-pr/p2/2024/2024-12-18/html/sor-dors263-eng.html?utm_source=chatgpt.com,"HTTPSConnectionPool(host='www.gazette.gc.ca', port=443): Max retries exceeded with url: /rp-pr/p2/2024/2024-12-18/html/sor-dors263-eng.html?utm_source=chatgpt.com (Caused by ConnectTimeoutError(<urllib3.connection.HTTPSConnection object at 0x00000232EFD9E810>, 'Connection to www.gazette.gc.ca timed out. (connect timeout=30)'))",Canada,Clean Electricity Regulations Canada (2024),Timeout
250306549,reference,1,https://canadagazette.gc.ca/rp-pr/p1/2024/2024-06-29/html/reg5-eng.html,"HTTPSConnectionPool(host='canadagazette.gc.ca', port=443): Max retries exceeded with url: /rp-pr/p1/2024/2024-06-29/html/reg5-eng.html (Caused by ConnectTimeoutError(<urllib3.connection.HTTPSConnection object at 0x00000232F2565610>, 'Connection to canadagazette.gc.ca timed out. (connect timeout=30)'))",Canada,Regulations Respecting the Reduction in the Release of Methane (Waste Sector) Canada (2024),Timeout
250306582,reference2,2,https://enerji.gov.tr/duyuru-detay?id=20425,"HTTPSConnectionPool(host='enerji.gov.tr', port=443): Max retries exceeded with url: /duyuru-detay?id=20425 (Caused by ConnectTimeoutError(<urllib3.connection.HTTPSConnection object at 0x00000232EFC59650>, 'Connection to enerji.gov.tr timed out. (connect timeout=30)'))",Turkey,Energy Efficiency Strategy and Action Plan Turkey (2024),Timeout
250306589,reference,1,https://enerji.gov.tr/haber-detay?id=21380,"HTTPSConnectionPool(host='enerji.gov.tr', port=443): Max retries exceeded with url: /haber-detay?id=21380 (Caused by ConnectTimeoutError(<urllib3.connection.HTTPSConnection object at 0x000002328029A810>, 'Connection to enerji.gov.tr timed out. (connect timeout=30)'))",Turkey,Roadmap for Renewable Energy to 2035 Turkey (2024),Timeout
250306692,reference,1,https://www.meti.go.jp/english/press/2025/0218_001.html,"HTTPSConnectionPool(host='www.meti.go.jp', port=443): Read timed out. (read timeout=30)",Japan,The 7th Strategic Energy Plan Japan (2025),Timeout
